{"cameraMode":{"drawMode":0,"name":"Shaded","section":"Shading Mode"},"sceneLighting":true,"audioPlay":false,"sceneViewState":{"showFog":true,"showMaterialUpdate":false,"showSkybox":true,"showFlares":true,"showImageEffects":true,"showParticleSystems":true},"in2DMode":false,"pivot":{"x":322.6616516113281,"y":411.8294982910156,"z":1233.68701171875},"rotation":{"x":0.07283107191324234,"y":0.00897627416998148,"z":-0.0006544638308696449,"w":0.9973120093345642},"size":2115.441650390625,"orthographic":false}